20S (j=1/2),461.2751752,649.9210756
20P (j=1/2),460.9054172,650.4424699
20P (j=3/2),460.9030988,650.4457418
21S (j=1/2),460.5156902,650.9929289
21P (j=1/2),460.2021443,651.4364649
21P (j=3/2),460.2001735,651.4392547
20D (j=5/2),459.9266254,651.8267077
20D (j=3/2),459.9265082,651.8268738
22S (j=1/2),459.8702199,651.9066576
22P (j=1/2),459.6020057,652.2870969
22P (j=3/2),459.6003160,652.2894949
21D (j=5/2),459.3656259,652.6227500
21D (j=3/2),459.3655244,652.6228941
23S (j=1/2),459.3169562,652.6919026
23P (j=1/2),459.0857116,653.0206678
23P (j=3/2),459.0842519,653.0227442
22D (j=5/2),458.8813665,653.3114654
22D (j=3/2),458.8812780,653.3115913
24S (j=1/2),458.8390823,653.3716712
24P (j=1/2),458.6382936,653.6577128
24P (j=3/2),458.6370238,653.6595226
23D (j=5/2),458.4604257,653.9113110
23D (j=3/2),458.4603480,653.9114218
25S (j=1/2),458.4234585,653.9640422
25P (j=1/2),458.2479894,654.2144537
25P (j=3/2),458.2468777,654.2160407
24D (j=5/2),458.0921997,654.4369412
24D (j=3/2),458.0921310,654.4370394
26S (j=1/2),458.0596955,654.4833806
26P (j=1/2),457.9054508,654.7038421
26P (j=3/2),457.9044721,654.7052416
25D (j=5/2),457.7682201,654.9001106
25D (j=3/2),457.7681590,654.9001981
27S (j=1/2),457.7394893,654.9412165
27P (j=1/2),457.6031716,655.1363202
27P (j=3/2),457.6023053,655.1375606
26D (j=5/2),457.4816566,655.3103358
26D (j=3/2),457.4816019,655.3104141
28S (j=1/2),457.4561379,655.3468916
28P (j=1/2),457.3350672,655.5203820
28P (j=3/2),457.3342967,655.5214866
27D (j=5/2),457.2269503,655.6753880
27D (j=3/2),457.2269011,655.6754585
29S (j=1/2),457.2041828,655.7080387
29P (j=1/2),457.0961630,655.8629940
29P (j=3/2),457.0954745,655.8639819
28D (j=5/2),456.9995395,656.0016633
28D (j=3/2),456.9994950,656.0017271
30S (j=1/2),456.9791422,656.0309439
30P (j=1/2),456.8823592,656.1699132
30P (j=3/2),456.8817416,656.1708003
29D (j=5/2),456.7956521,656.2944648
29D (j=3/2),456.7956117,656.2945228
31S (j=1/2),456.7773076,656.3208220
31P (j=1/2),456.6902527,656.4459308
31P (j=3/2),456.6896964,656.4467304
30D (j=5/2),456.6121469,656.5582192
30D (j=3/2),456.6121101,656.5582721
32S (j=1/2),456.5955892,656.5820282
32P (j=1/2),456.5169988,656.6950601
32P (j=3/2),456.5164960,656.6957835
31D (j=5/2),456.4463907,656.7966450
31D (j=3/2),456.4463570,656.7966935
33S (j=1/2),456.4313955,656.8182228
33P (j=1/2),456.3602052,656.9206837
33P (j=3/2),456.3597491,656.9213402
32D (j=5/2),456.2961629,657.0128841
32D (j=3/2),456.2961319,657.0129288
34S (j=1/2),456.2825400,657.0325001
34P (j=1/2),456.2178477,657.1256681
34P (j=3/2),456.2174328,657.1262658
33D (j=5/2),456.1595801,657.2096062
33D (j=3/2),456.1595515,657.2096474
35S (j=1/2),456.1471673,657.2274903
35P (j=1/2),456.0882046,657.3124562
35P (j=3/2),456.0878260,657.3130018
34D (j=5/2),456.0350363,657.3890911
34D (j=3/2),456.0350098,657.3891292
36S (j=1/2),456.0236948,657.4054406
36P (j=1/2),455.9698036,657.4831395
36P (j=3/2),455.9694572,657.4836391
35D (j=5/2),455.9211553,657.5532951
35D (j=3/2),455.9211308,657.5533306
37S (j=1/2),455.9107656,657.5682800
37P (j=1/2),455.8613799,657.6395177
37P (j=3/2),455.8610620,657.6399763
36D (j=5/2),455.8167525,657.7039048
36D (j=3/2),455.8167296,657.7039379
38S (j=1/2),455.8072112,657.7176723
38P (j=1/2),455.7618417,657.7831458
38P (j=3/2),455.7615494,657.7835678
37D (j=5/2),455.7208032,657.8423804
37D (j=3/2),455.7207818,657.8424113
39S (j=1/2),455.7120207,657.8550584
39P (j=1/2),455.6702430,657.9153732
39P (j=3/2),455.6699735,657.9157623
38D (j=5/2),455.6324180,657.9699911
38D (j=3/2),455.6323979,657.9700201
40S (j=1/2),455.6243161,657.9816910
40P (j=1/2),455.5857604,658.0373753
40P (j=3/2),455.5855114,658.0377350
39D (j=5/2),455.5508212,658.0878445
39D (j=3/2),455.5508024,658.0878717
41S (j=1/2),455.5433317,658.0986640
41P (j=1/2),455.5076747,658.1501798
41P (j=3/2),455.5074441,658.1505130
40D (j=5/2),455.4753346,658.1969105
40D (j=3/2),455.4753168,658.1969362
42S (j=1/2),455.4683974,658.2069354
42P (j=1/2),455.4353553,658.2546887
42P (j=3/2),455.4351414,658.2549979
41D (j=5/2),455.4053622,658.2980414
41D (j=3/2),455.4053455,658.2980656
43S (j=1/2),455.3989246,658.3073473
43P (j=1/2),455.3682476,658.3516958
43P (j=3/2),455.3680488,658.3519832
42D (j=5/2),455.3403795,658.3919887
42D (j=3/2),455.3403636,658.3920117
44S (j=1/2),455.3343947,658.4006424
44P (j=1/2),455.3058622,658.4419023
44P (j=3/2),455.3056770,658.4421700
43D (j=5/2),455.2799226,658.4794170
43D (j=3/2),455.2799075,658.4794388
45S (j=1/2),455.2743494,658.4874777
45P (j=1/2),455.2477658,658.5259293
45P (j=3/2),455.2475930,658.5261791
44D (j=5/2),455.2235804,658.5609157
44D (j=3/2),455.2235661,658.5609365
46S (j=1/2),455.2183821,658.5684362
46P (j=1/2),455.1935737,658.6043286
46P (j=3/2),455.1934123,658.6045621
45D (j=5/2),455.1709877,658.6370092
45D (j=3/2),455.1709740,658.6370290
47S (j=1/2),455.1661314,658.6440364
47P (j=1/2),455.1429435,658.6775919
47P (j=3/2),455.1427925,658.6778104
46D (j=5/2),455.1218186,658.7081651
46D (j=3/2),455.1218055,658.7081840
48S (j=1/2),455.1172752,658.7147409
48P (j=1/2),455.0955696,658.7461581
48P (j=3/2),455.0954280,658.7463630
47D (j=5/2),455.0757821,658.7748015
47D (j=3/2),455.0757696,658.7748196
49S (j=1/2),455.0715255,658.7809635
49P (j=1/2),455.0511783,658.8104203
49P (j=3/2),455.0510454,658.8106126
48D (j=5/2),455.0326175,658.8372931
48D (j=3/2),455.0326055,658.8373105
50S (j=1/2),455.0286241,658.8430752
50P (j=1/2),455.0095242,658.8707313
50P (j=3/2),455.0093994,658.8709122
49D (j=5/2),454.9920906,658.8959768
49D (j=3/2),454.9920791,658.8959935
51S (j=1/2),454.9883394,658.9014092
51P (j=1/2),454.9703868,658.9274087
51P (j=3/2),454.9702693,658.9275789
50D (j=5/2),454.9539907,658.9511557
50D (j=3/2),454.9539797,658.9511718
52S (j=1/2),454.9504625,658.9562660
52P (j=1/2),454.9335672,658.9807384
52P (j=3/2),454.9334564,658.9808988
51D (j=5/2),454.9181277,659.0031035
51D (j=3/2),454.9181170,659.0031189
53S (j=1/2),454.9148054,659.0079164
53P (j=1/2),454.8988857,659.0309791
53P (j=3/2),454.8987812,659.0311305
52D (j=5/2),454.8843297,659.0520675
52D (j=3/2),454.8843194,659.0520825
54S (j=1/2),454.8811976,659.0566055
54P (j=1/2),454.8661799,659.0783647
54P (j=3/2),454.8660811,659.0785078
53D (j=5/2),454.8524411,659.0982721
53D (j=3/2),454.8524312,659.0982865
55S (j=1/2),454.8494851,659.1025555
55P (j=1/2),454.8353024,659.1231077
55P (j=3/2),454.8352090,659.1232430
54D (j=5/2),454.8223207,659.1419206
54D (j=3/2),454.8223110,659.1419346
56S (j=1/2),454.8195279,659.1459680
56P (j=1/2),454.8061194,659.1654009
56P (j=3/2),454.8060310,659.1655290
55D (j=5/2),454.7938400,659.1831983
55D (j=3/2),454.7938306,659.1832119
57S (j=1/2),454.7911988,659.1870265
57P (j=1/2),454.7785090,659.2054199
57P (j=3/2),454.7784252,659.2055413
56D (j=5/2),454.7668820,659.2222738
56D (j=3/2),454.7668730,659.2222869
58S (j=1/2),454.7643817,659.2258981
58P (j=1/2),454.7523603,659.2433249
58P (j=3/2),454.7522808,659.2434402
57D (j=5/2),454.7413402,659.2593009
57D (j=3/2),454.7413314,659.2593137
59S (j=1/2),454.7389710,659.2627356
59P (j=1/2),454.7275717,659.2792622
59P (j=3/2),454.7274962,659.2793717
58D (j=5/2),454.7171169,659.2944204
58D (j=3/2),454.7171083,659.2944328
60S (j=1/2),454.7148699,659.2976782
60P (j=1/2),454.7040506,659.3133658
60P (j=3/2),454.7039787,659.3134699
59D (j=5/2),454.6941228,659.3277611
59D (j=3/2),454.6941145,659.3277732
61S (j=1/2),454.6919900,659.3308539
61P (j=1/2),454.6817118,659.3457582
61P (j=3/2),454.6816435,659.3458573
60D (j=5/2),454.6722763,659.3594411
60D (j=3/2),454.6722682,659.3594529
62S (j=1/2),454.6702500,659.3623797
62P (j=1/2),454.6604775,659.3765521
62P (j=3/2),454.6604124,659.3766465
61D (j=5/2),454.6515021,659.3895690
61D (j=3/2),454.6514941,659.3895805
63S (j=1/2),454.6495754,659.3923632
63P (j=1/2),454.6402759,659.4058509
63P (j=3/2),454.6402139,659.4059409
62D (j=5/2),454.6317311,659.4182444
62D (j=3/2),454.6317234,659.4182557
64S (j=1/2),454.6298978,659.4209036
64P (j=1/2),454.6210412,659.4337499
64P (j=3/2),454.6209820,659.4338358
63D (j=5/2),454.6128998,659.4455593
63D (j=3/2),454.6128922,659.4455703
65S (j=1/2),454.6111540,659.4480918
65P (j=1/2),454.6027126,659.4603369
65P (j=3/2),454.6026561,659.4604189
64D (j=5/2),454.5949495,659.4715984
64D (j=3/2),454.5949421,659.4716092
66S (j=1/2),454.5932857,659.4740121
66P (j=1/2),454.5852340,659.4856928
66P (j=3/2),454.5851800,659.4857712
65D (j=5/2),454.5778261,659.4964399
65D (j=3/2),454.5778189,659.4964505
67S (j=1/2),454.5762394,659.4987419
67P (j=1/2),454.5685537,659.5098925
67P (j=3/2),454.5685021,659.5099675
66D (j=5/2),454.5614796,659.5201562
66D (j=3/2),454.5614725,659.5201665
68S (j=1/2),454.5599653,659.5223532
68P (j=1/2),454.5526238,659.5330052
68P (j=3/2),454.5525743,659.5330770
67D (j=5/2),454.5458636,659.5428141
67D (j=3/2),454.5458566,659.5428243
69S (j=1/2),454.5444175,659.5449124
69P (j=1/2),454.5373998,659.5550952
69P (j=3/2),454.5373525,659.5551639
68D (j=5/2),454.5309352,659.5644758
68D (j=3/2),454.5309283,659.5644858
70S (j=1/2),454.5295533,659.5664810
70P (j=1/2),454.5228408,659.5762217
70P (j=3/2),454.5227954,659.5762876
69D (j=5/2),454.5166546,659.5851988
69D (j=3/2),454.5166479,659.5852086
71S (j=1/2),454.5153333,659.5871163
71P (j=1/2),454.5089084,659.5964402
71P (j=3/2),454.5088648,659.5965034
70D (j=5/2),454.5029850,659.6050365
70D (j=3/2),454.5029783,659.6050462
72S (j=1/2),454.5017208,659.6068712
72P (j=1/2),454.4955673,659.6158018
72P (j=3/2),454.4955255,659.6158624
71D (j=5/2),454.4898918,659.6240388
71D (j=3/2),454.4898852,659.6240483
73S (j=1/2),454.4886815,659.6257953
73P (j=1/2),454.4827844,659.6343543
73P (j=3/2),454.4827442,659.6344126
72D (j=5/2),454.4773431,659.6422518
72D (j=3/2),454.4773367,659.6422611
74S (j=1/2),454.4761839,659.6439344
74P (j=1/2),454.4705290,659.6521422
74P (j=3/2),454.4704904,659.6521982
73D (j=5/2),454.4653092,659.6597186
73D (j=3/2),454.4653029,659.6597278
75S (j=1/2),454.4641982,659.6613313
75P (j=1/2),454.4587725,659.6692069
75P (j=3/2),454.4587353,659.6692608
74D (j=5/2),454.4537623,659.6764795
74D (j=3/2),454.4537560,659.6764886
76S (j=1/2),454.4526969,659.6780260
76P (j=1/2),454.4474881,659.6855871
76P (j=3/2),454.4474524,659.6856390
75D (j=5/2),454.4426764,659.6925720
75D (j=3/2),454.4426702,659.6925809
77S (j=1/2),454.4416542,659.6940559
77P (j=1/2),454.4366509,659.7013190
77P (j=3/2),454.4366165,659.7013689
76D (j=5/2),454.4320273,659.7080312
76D (j=3/2),454.4320212,659.7080400
78S (j=1/2),454.4310461,659.7094556
78P (j=1/2),454.4262376,659.7164362
78P (j=3/2),454.4262045,659.7164843
77D (j=5/2),454.4217923,659.7228898
77D (j=3/2),454.4217863,659.7228985
79S (j=1/2),454.4208500,659.7242579
79P (j=1/2),454.4162264,659.7309704
79P (j=3/2),454.4161944,659.7310168
78D (j=5/2),454.4119503,659.7371786
78D (j=3/2),454.4119443,659.7371872
80S (j=1/2),454.4110448,659.7384932
80P (j=1/2),454.4065967,659.7449513
80P (j=3/2),454.4065659,659.7449960
79D (j=5/2),454.4024813,659.7509264
79D (j=3/2),454.4024754,659.7509349
81S (j=1/2),454.4016109,659.7521901
81P (j=1/2),454.3973295,659.7584064
81P (j=3/2),454.3972998,659.7584496
80D (j=5/2),454.3933668,659.7641601
80D (j=3/2),454.3933610,659.7641685
82S (j=1/2),454.3925297,659.7653755
82P (j=1/2),454.3884068,659.7713620
82P (j=3/2),454.3883781,659.7714037
81D (j=5/2),454.3845893,659.7769050
81D (j=3/2),454.3845835,659.7769134
83S (j=1/2),454.3837839,659.7780745
83P (j=1/2),454.3798117,659.7838423
83P (j=3/2),454.3797839,659.7838826
82D (j=5/2),454.3761323,659.7891850
82D (j=3/2),454.3761266,659.7891932
84S (j=1/2),454.3753571,659.7903107
84P (j=1/2),454.3715283,659.7958704
84P (j=3/2),454.3715015,659.7959093
83D (j=5/2),454.3679805,659.8010223
83D (j=3/2),454.3679748,659.8010304
85S (j=1/2),454.3672339,659.8021063
85P (j=1/2),454.3635418,659.8074679
85P (j=3/2),454.3635159,659.8075055
84D (j=5/2),454.3601193,659.8124380
84D (j=3/2),454.3601137,659.8124461
86S (j=1/2),454.3594001,659.8134823
86P (j=1/2),454.3558381,659.8186550
86P (j=3/2),454.3558131,659.8186914
85D (j=5/2),454.3525350,659.8234518
85D (j=3/2),454.3525295,659.8234598
87S (j=1/2),454.3518419,659.8244583
87P (j=1/2),454.3484041,659.8294509
87P (j=3/2),454.3483798,659.8294862
86D (j=5/2),454.3452149,659.8340825
86D (j=3/2),454.3452094,659.8340904
88S (j=1/2),454.3445467,659.8350529
88P (j=1/2),454.3412273,659.8398736
88P (j=3/2),454.3412038,659.8399078
87D (j=5/2),454.3381468,659.8443475
87D (j=3/2),454.3381413,659.8443554
89S (j=1/2),454.3375023,659.8452835
89P (j=1/2),454.3342960,659.8499402
89P (j=3/2),454.3342732,659.8499733
88D (j=5/2),454.3313192,659.8542635
88D (j=3/2),454.3313138,659.8542714
90S (j=1/2),454.3306974,659.8551666
90P (j=1/2),454.3275990,659.8596666
90P (j=3/2),454.3275769,659.8596987
89D (j=5/2),454.3247213,659.8638461
89D (j=3/2),454.3247160,659.8638539
91S (j=1/2),454.3241212,659.8647177
91P (j=1/2),454.3211260,659.8690681
91P (j=3/2),454.3211045,659.8690992
90D (j=5/2),454.3183430,659.8731101
90D (j=3/2),454.3183377,659.8731178
92S (j=1/2),454.3177636,659.8739517
92P (j=1/2),454.3148670,659.8781589
92P (j=3/2),454.3148462,659.8781891
91D (j=5/2),454.3121747,659.8820695
91D (j=3/2),454.3121694,659.8820771
93S (j=1/2),454.3116151,659.8828823
93P (j=1/2),454.3088128,659.8869526
93P (j=3/2),454.3087926,659.8869819
92D (j=5/2),454.3062071,659.8907374
92D (j=3/2),454.3062019,659.8907450
94S (j=1/2),454.3056665,659.8915227
94P (j=1/2),454.3029545,659.8954619
94P (j=3/2),454.3029349,659.8954904
93D (j=5/2),454.3004317,659.8991264
93D (j=3/2),454.3004265,659.8991339
95S (j=1/2),454.2999092,659.8998853
95P (j=1/2),454.2972837,659.9036991
95P (j=3/2),454.2972646,659.9037268
94D (j=5/2),454.2948404,659.9072483
94D (j=3/2),454.2948352,659.9072558
96S (j=1/2),454.2943353,659.9079820
96P (j=1/2),454.2917925,659.9116756
96P (j=3/2),454.2917740,659.9117025
95D (j=5/2),454.2894253,659.9151143
95D (j=3/2),454.2894201,659.9151217
97S (j=1/2),454.2889368,659.9158238
97P (j=1/2),454.2864734,659.9194023
97P (j=3/2),454.2864554,659.9194285
96D (j=5/2),454.2841791,659.9227351
96D (j=3/2),454.2841740,659.9227425
98S (j=1/2),454.2837067,659.9234214
98P (j=1/2),454.2813193,659.9268895
98P (j=3/2),454.2813018,659.9269149
97D (j=5/2),454.2790950,659.9301207
97D (j=3/2),454.2790899,659.9301281
99S (j=1/2),454.2786378,659.9307848
99P (j=1/2),454.2763234,659.9341470
99P (j=3/2),454.2763064,659.9341717
98D (j=5/2),454.2741662,659.9372808
98D (j=3/2),454.2741612,659.9372881
100S (j=1/2),454.2737238,659.9379236
100P (j=1/2),454.2714794,659.9411841
100P (j=3/2),454.2714628,659.9412082
99D (j=5/2),454.2693866,659.9442244
99D (j=3/2),454.2693816,659.9442317
101S (j=1/2),454.2689582,659.9448467
101P (j=1/2),454.2667810,659.9480096
101P (j=3/2),454.2667649,659.9480331
100D (j=5/2),454.2647501,659.9509602
100D (j=3/2),454.2647451,659.9509674
102S (j=1/2),454.2643353,659.9515628
102P (j=1/2),454.2622227,659.9546320
102P (j=3/2),454.2622069,659.9546549
101D (j=5/2),454.2602511,659.9574963
101D (j=3/2),454.2602461,659.9575035
103S (j=1/2),454.2598493,659.9580800
103P (j=1/2),454.2577987,659.9610592
103P (j=3/2),454.2577834,659.9610815
102D (j=5/2),454.2558842,659.9638407
102D (j=3/2),454.2558793,659.9638478
104S (j=1/2),454.2554950,659.9644062
104P (j=1/2),454.2535040,659.9672988
104P (j=3/2),454.2534890,659.9673206
103D (j=5/2),454.2516444,659.9700006
103D (j=3/2),454.2516394,659.9700077
105S (j=1/2),454.2512671,659.9705487
105P (j=1/2),454.2493334,659.9733581
105P (j=3/2),454.2493188,659.9733793
104D (j=5/2),454.2475266,659.9759833
104D (j=3/2),454.2475217,659.9759904
106S (j=1/2),454.2471609,659.9765145
106P (j=1/2),454.2452824,659.9792439
106P (j=3/2),454.2452681,659.9792646
105D (j=5/2),454.2435263,659.9817953
105D (j=3/2),454.2435214,659.9818024
107S (j=1/2),454.2431717,659.9823105
107P (j=1/2),454.2413462,659.9849628
107P (j=3/2),454.2413324,659.9849830
106D (j=5/2),454.2396390,659.9874433
106D (j=3/2),454.2396342,659.9874503
108S (j=1/2),454.2392952,659.9879428
108P (j=1/2),454.2375208,659.9905210
108P (j=3/2),454.2375072,659.9905407
107D (j=5/2),454.2358606,659.9929332
107D (j=3/2),454.2358558,659.9929402
109S (j=1/2),454.2355271,659.9934178
109P (j=1/2),454.2338018,659.9959245
109P (j=3/2),454.2337886,659.9959438
108D (j=5/2),454.2321870,659.9982709
108D (j=3/2),454.2321822,659.9982779
110S (j=1/2),454.2318634,659.9987411
110P (j=1/2),454.2301855,660.0011791
110P (j=3/2),454.2301726,660.0011978
109D (j=5/2),454.2286143,660.0034621
109D (j=3/2),454.2286095,660.0034690
111S (j=1/2),454.2283003,660.0039183
111P (j=1/2),454.2266680,660.0062900
111P (j=3/2),454.2266554,660.0063083
110D (j=5/2),454.2251389,660.0085119
110D (j=3/2),454.2251341,660.0085188
112S (j=1/2),454.2248341,660.0089548
112P (j=1/2),454.2232459,660.0112625
112P (j=3/2),454.2232336,660.0112805
111D (j=5/2),454.2217573,660.0134255
111D (j=3/2),454.2217526,660.0134325
113S (j=1/2),454.2214614,660.0138555
113P (j=1/2),454.2199156,660.0161016
113P (j=3/2),454.2199036,660.0161192
112D (j=5/2),454.2184662,660.0182078
112D (j=3/2),454.2184614,660.0182147
114S (j=1/2),454.2181789,660.0186253
114P (j=1/2),454.2166740,660.0208120
114P (j=3/2),454.2166622,660.0208292
113D (j=5/2),454.2152622,660.0228634
113D (j=3/2),454.2152575,660.0228703
115S (j=1/2),454.2149832,660.0232689
115P (j=1/2),454.2135179,660.0253982
115P (j=3/2),454.2135063,660.0254150
114D (j=5/2),454.2121425,660.0273967
114D (j=3/2),454.2121378,660.0274036
116S (j=1/2),454.2118715,660.0277906
116P (j=1/2),454.2104442,660.0298646
116P (j=3/2),454.2104330,660.0298810
115D (j=5/2),454.2091041,660.0318120
115D (j=3/2),454.2090994,660.0318188
117S (j=1/2),454.2088408,660.0321946
117P (j=1/2),454.2074503,660.0342152
117P (j=3/2),454.2074393,660.0342313
116D (j=5/2),454.2061441,660.0361133
116D (j=3/2),454.2061394,660.0361201
118S (j=1/2),454.2058882,660.0364851
118P (j=1/2),454.2045333,660.0384540
118P (j=3/2),454.2045225,660.0384698
117D (j=5/2),454.2032599,660.0403046
117D (j=3/2),454.2032552,660.0403113
119S (j=1/2),454.2030112,660.0406659
119P (j=1/2),454.2016907,660.0425849
119P (j=3/2),454.2016801,660.0426004
118D (j=5/2),454.2004489,660.0443895
118D (j=3/2),454.2004443,660.0443962
120S (j=1/2),454.2002072,660.0447407
120P (j=1/2),454.1989198,660.0466115
120P (j=3/2),454.1989095,660.0466266
119D (j=5/2),454.1977087,660.0483716
119D (j=3/2),454.1977041,660.0483783
121S (j=1/2),454.1974737,660.0487130
121P (j=1/2),454.1962184,660.0505373
121P (j=3/2),454.1962083,660.0505521
120D (j=5/2),454.1950369,660.0522543
120D (j=3/2),454.1950323,660.0522610
122S (j=1/2),454.1948084,660.0525863
122P (j=1/2),454.1935842,660.0543655
122P (j=3/2),454.1935742,660.0543800
121D (j=5/2),454.1924313,660.0560409
121D (j=3/2),454.1924266,660.0560476
123S (j=1/2),454.1922091,660.0563638
123P (j=1/2),454.1910148,660.0580994
123P (j=3/2),454.1910050,660.0581136
122D (j=5/2),454.1898896,660.0597346
122D (j=3/2),454.1898850,660.0597413
124S (j=1/2),454.1896735,660.0600487
124P (j=1/2),454.1885082,660.0617421
124P (j=3/2),454.1884986,660.0617561
123D (j=5/2),454.1874098,660.0633384
123D (j=3/2),454.1874052,660.0633451
125S (j=1/2),454.1871996,660.0636439
125P (j=1/2),454.1860624,660.0652966
125P (j=3/2),454.1860530,660.0653102
124D (j=5/2),454.1849900,660.0668552
124D (j=3/2),454.1849854,660.0668618
126S (j=1/2),454.1847855,660.0671524
126P (j=1/2),454.1836755,660.0687655
126P (j=3/2),454.1836662,660.0687790
125D (j=5/2),454.1826281,660.0702877
125D (j=3/2),454.1826235,660.0702943
127S (j=1/2),454.1824291,660.0705769
127P (j=1/2),454.1813455,660.0721518
127P (j=3/2),454.1813364,660.0721649
126D (j=5/2),454.1803224,660.0736386
126D (j=3/2),454.1803179,660.0736452
128S (j=1/2),454.1801288,660.0739201
128P (j=1/2),454.1790706,660.0754579
128P (j=3/2),454.1790617,660.0754708
127D (j=5/2),454.1780711,660.0769105
127D (j=3/2),454.1780666,660.0769171
129S (j=1/2),454.1778826,660.0771844
129P (j=1/2),454.1768492,660.0786864
129P (j=3/2),454.1768404,660.0786991
128D (j=5/2),454.1758725,660.0801059
128D (j=3/2),454.1758680,660.0801125
130S (j=1/2),454.1756890,660.0803725
130P (j=1/2),454.1746795,660.0818397
130P (j=3/2),454.1746709,660.0818522
129D (j=5/2),454.1737249,660.0832270
129D (j=3/2),454.1737204,660.0832336
131S (j=1/2),454.1735463,660.0834866
131P (j=1/2),454.1725600,660.0849201
131P (j=3/2),454.1725516,660.0849324
130D (j=5/2),454.1716269,660.0862763
130D (j=3/2),454.1716224,660.0862829
132S (j=1/2),454.1714530,660.0865291
132P (j=1/2),454.1704892,660.0879298
132P (j=3/2),454.1704809,660.0879419
131D (j=5/2),454.1695768,660.0892559
131D (j=3/2),454.1695723,660.0892624
133S (j=1/2),454.1694075,660.0895020
133P (j=1/2),454.1684655,660.0908711
133P (j=3/2),454.1684573,660.0908829
132D (j=5/2),454.1675733,660.0921678
132D (j=3/2),454.1675688,660.0921744
134S (j=1/2),454.1674084,660.0924075
134P (j=1/2),454.1664875,660.0937459
134P (j=3/2),454.1664795,660.0937575
133D (j=5/2),454.1656149,660.0950142
133D (j=3/2),454.1656104,660.0950208
135S (j=1/2),454.1654543,660.0952476
135P (j=1/2),454.1645539,660.0965562
135P (j=3/2),454.1645461,660.0965677
134D (j=5/2),454.1637002,660.0977970
134D (j=3/2),454.1636958,660.0978035
136S (j=1/2),454.1635438,660.0980244
136P (j=1/2),454.1626634,660.0993040
136P (j=3/2),454.1626556,660.0993152
135D (j=5/2),454.1618281,660.1005180
135D (j=3/2),454.1618236,660.1005245
137S (j=1/2),454.1616757,660.1007395
137P (j=1/2),454.1608146,660.1019910
137P (j=3/2),454.1608070,660.1020021
136D (j=5/2),454.1599972,660.1031791
136D (j=3/2),454.1599927,660.1031856
138S (j=1/2),454.1598488,660.1033949
138P (j=1/2),454.1590064,660.1046192
138P (j=3/2),454.1589989,660.1046301
137D (j=5/2),454.1582064,660.1057821
137D (j=3/2),454.1582019,660.1057886
139S (j=1/2),454.1580617,660.1059923
139P (j=1/2),454.1572376,660.1071901
139P (j=3/2),454.1572302,660.1072008
138D (j=5/2),454.1564544,660.1083285
138D (j=3/2),454.1564499,660.1083350
140S (j=1/2),454.1563135,660.1085334
140P (j=1/2),454.1555071,660.1097054
140P (j=3/2),454.1554998,660.1097160
139D (j=5/2),454.1547402,660.1108201
139D (j=3/2),454.1547358,660.1108266
141S (j=1/2),454.1546029,660.1110197
141P (j=1/2),454.1538137,660.1121668
141P (j=3/2),454.1538065,660.1121772
140D (j=5/2),454.1530627,660.1132584
140D (j=3/2),454.1530582,660.1132648
142S (j=1/2),454.1529289,660.1134529
142P (j=1/2),454.1521563,660.1145757
142P (j=3/2),454.1521493,660.1145860
141D (j=5/2),454.1514208,660.1156448
141D (j=3/2),454.1514164,660.1156513
143S (j=1/2),454.1512904,660.1158344
143P (j=1/2),454.1505341,660.1169337
143P (j=3/2),454.1505272,660.1169438
142D (j=5/2),454.1498136,660.1179810
142D (j=3/2),454.1498092,660.1179874
144S (j=1/2),454.1496865,660.1181657
144P (j=1/2),454.1489460,660.1192421
144P (j=3/2),454.1489391,660.1192520
143D (j=5/2),454.1482400,660.1202682
143D (j=3/2),454.1482356,660.1202746
145S (j=1/2),454.1481161,660.1204483
145P (j=1/2),454.1473910,660.1215023
145P (j=3/2),454.1473842,660.1215121
144D (j=5/2),454.1466992,660.1225078
144D (j=3/2),454.1466948,660.1225142
146S (j=1/2),454.1465784,660.1226834
146P (j=1/2),454.1458682,660.1237157
146P (j=3/2),454.1458616,660.1237254
145D (j=5/2),454.1451903,660.1247011
145D (j=3/2),454.1451859,660.1247075
147S (j=1/2),454.1450725,660.1248723
147P (j=1/2),454.1443768,660.1258836
147P (j=3/2),454.1443702,660.1258931
146D (j=5/2),454.1437123,660.1268495
146D (j=3/2),454.1437079,660.1268559
148S (j=1/2),454.1435975,660.1270164
148P (j=1/2),454.1429158,660.1280072
148P (j=3/2),454.1429094,660.1280165
147D (j=5/2),454.1422644,660.1289541
147D (j=3/2),454.1422600,660.1289605
149S (j=1/2),454.1421525,660.1291168
149P (j=1/2),454.1414846,660.1300876
149P (j=3/2),454.1414782,660.1300969
148D (j=5/2),454.1408458,660.1310161
148D (j=3/2),454.1408414,660.1310225
150S (j=1/2),454.1407367,660.1311747
150P (j=1/2),454.1400822,660.1321261
150P (j=3/2),454.1400759,660.1321352
149D (j=5/2),454.1394558,660.1330366
149D (j=3/2),454.1394514,660.1330430
151S (j=1/2),454.1393494,660.1331913
151P (j=1/2),454.1387079,660.1341238
151P (j=3/2),454.1387017,660.1341328
150D (j=5/2),454.1380935,660.1350168
150D (j=3/2),454.1380892,660.1350232
152S (j=1/2),454.1379898,660.1351676
152P (j=1/2),454.1373609,660.1360817
152P (j=3/2),454.1373548,660.1360906
151D (j=5/2),454.1367583,660.1369577
151D (j=3/2),454.1367539,660.1369640
153S (j=1/2),454.1366571,660.1371048
153P (j=1/2),454.1360406,660.1380009
153P (j=3/2),454.1360346,660.1380097
152D (j=5/2),454.1354494,660.1388603
152D (j=3/2),454.1354450,660.1388667
154S (j=1/2),454.1353507,660.1390038
154P (j=1/2),454.1347462,660.1398825
154P (j=3/2),454.1347402,660.1398912
153D (j=5/2),454.1341661,660.1407257
153D (j=3/2),454.1341617,660.1407321
155S (j=1/2),454.1340699,660.1408656
155P (j=1/2),454.1334771,660.1417273
155P (j=3/2),454.1334712,660.1417359
154D (j=5/2),454.1329078,660.1425549
154D (j=3/2),454.1329034,660.1425612
156S (j=1/2),454.1328140,660.1426912
156P (j=1/2),454.1322325,660.1435364
156P (j=3/2),454.1322267,660.1435449
155D (j=5/2),454.1316738,660.1443486
155D (j=3/2),454.1316695,660.1443549
157S (j=1/2),454.1315823,660.1444816
157P (j=1/2),454.1310120,660.1453107
157P (j=3/2),454.1310062,660.1453190
156D (j=5/2),454.1304635,660.1461079
156D (j=3/2),454.1304592,660.1461143
158S (j=1/2),454.1303743,660.1462377
158P (j=1/2),454.1298148,660.1470510
158P (j=3/2),454.1298091,660.1470592
157D (j=5/2),454.1292764,660.1478337
157D (j=3/2),454.1292720,660.1478400
159S (j=1/2),454.1291893,660.1479602
159P (j=1/2),454.1286404,660.1487582
159P (j=3/2),454.1286348,660.1487664
158D (j=5/2),454.1281117,660.1495267
158D (j=3/2),454.1281074,660.1495330
160S (j=1/2),454.1280268,660.1496501
160P (j=1/2),454.1274881,660.1504332
160P (j=3/2),454.1274826,660.1504412
159D (j=5/2),454.1269690,660.1511878
159D (j=3/2),454.1269646,660.1511941
161S (j=1/2),454.1268862,660.1513082
161P (j=1/2),454.1263575,660.1520767
161P (j=3/2),454.1263521,660.1520846
160D (j=5/2),454.1258477,660.1528179
160D (j=3/2),454.1258433,660.1528242
162S (j=1/2),454.1257669,660.1529352
162P (j=1/2),454.1252480,660.1536895
162P (j=3/2),454.1252426,660.1536974
161D (j=5/2),454.1247472,660.1544175
161D (j=3/2),454.1247429,660.1544238
163S (j=1/2),454.1246685,660.1545320
163P (j=1/2),454.1241591,660.1552725
163P (j=3/2),454.1241538,660.1552802
162D (j=5/2),454.1236671,660.1559877
162D (j=3/2),454.1236628,660.1559939
164S (j=1/2),454.1235903,660.1560993
164P (j=1/2),454.1230903,660.1568262
164P (j=3/2),454.1230850,660.1568339
163D (j=5/2),454.1226069,660.1575289
163D (j=3/2),454.1226026,660.1575352
165S (j=1/2),454.1225320,660.1576378
165P (j=1/2),454.1220410,660.1583516
165P (j=3/2),454.1220358,660.1583592
164D (j=5/2),454.1215661,660.1590420
164D (j=3/2),454.1215617,660.1590483
166S (j=1/2),454.1214930,660.1591482
166P (j=1/2),454.1210109,660.1598491
166P (j=3/2),454.1210057,660.1598566
165D (j=5/2),454.1205441,660.1605276
165D (j=3/2),454.1205398,660.1605339
167S (j=1/2),454.1204729,660.1606312
167P (j=1/2),454.1199993,660.1613195
167P (j=3/2),454.1199942,660.1613270
166D (j=5/2),454.1195406,660.1619864
166D (j=3/2),454.1195363,660.1619927
168S (j=1/2),454.1194711,660.1620875
168P (j=1/2),454.1190060,660.1627635
168P (j=3/2),454.1190010,660.1627709
167D (j=5/2),454.1185551,660.1634191
167D (j=3/2),454.1185508,660.1634253
169S (j=1/2),454.1184873,660.1635176
169P (j=1/2),454.1180305,660.1641817
169P (j=3/2),454.1180255,660.1641890
168D (j=5/2),454.1175872,660.1648262
168D (j=3/2),454.1175829,660.1648324
170S (j=1/2),454.1175211,660.1649222
170P (j=1/2),454.1170723,660.1655747
170P (j=3/2),454.1170673,660.1655819
169D (j=5/2),454.1166364,660.1662083
169D (j=3/2),454.1166321,660.1662146
171S (j=1/2),454.1165720,660.1663020
171P (j=1/2),454.1161310,660.1669430
171P (j=3/2),454.1161261,660.1669502
170D (j=5/2),454.1157024,660.1675661
170D (j=3/2),454.1156981,660.1675724
172S (j=1/2),454.1156396,660.1676575
172P (j=1/2),454.1152063,660.1682874
172P (j=3/2),454.1152014,660.1682944
171D (j=5/2),454.1147848,660.1689001
171D (j=3/2),454.1147805,660.1689064
173S (j=1/2),454.1147235,660.1689892
173P (j=1/2),454.1142977,660.1696082
173P (j=3/2),454.1142929,660.1696152
172D (j=5/2),454.1138831,660.1702109
172D (j=3/2),454.1138789,660.1702171
174S (j=1/2),454.1138234,660.1702977
174P (j=1/2),454.1134049,660.1709061
174P (j=3/2),454.1134001,660.1709130
173D (j=5/2),454.1129971,660.1714989
173D (j=3/2),454.1129928,660.1715052
175S (j=1/2),454.1129389,660.1715836
175P (j=1/2),454.1125275,660.1721816
175P (j=3/2),454.1125228,660.1721885
174D (j=5/2),454.1121264,660.1727648
174D (j=3/2),454.1121221,660.1727711
176S (j=1/2),454.1120696,660.1728474
176P (j=1/2),454.1116652,660.1734352
176P (j=3/2),454.1116605,660.1734420
175D (j=5/2),454.1112705,660.1740090
175D (j=3/2),454.1112662,660.1740153
177S (j=1/2),454.1112151,660.1740895
177P (j=1/2),454.1108176,660.1746675
177P (j=3/2),454.1108130,660.1746742
176D (j=5/2),454.1104292,660.1752321
176D (j=3/2),454.1104250,660.1752383
178S (j=1/2),454.1103753,660.1753105
178P (j=1/2),454.1099844,660.1758788
178P (j=3/2),454.1099798,660.1758854
177D (j=5/2),454.1096022,660.1764344
177D (j=3/2),454.1095979,660.1764406
179S (j=1/2),454.1095496,660.1765109
179P (j=1/2),454.1091652,660.1770697
179P (j=3/2),454.1091607,660.1770762
178D (j=5/2),454.1087891,660.1776165
178D (j=3/2),454.1087848,660.1776227
180S (j=1/2),454.1087378,660.1776910
180P (j=1/2),454.1083598,660.1782405
180P (j=3/2),454.1083553,660.1782471
179D (j=5/2),454.1079896,660.1787788
179D (j=3/2),454.1079853,660.1787850
181S (j=1/2),454.1079396,660.1788514
181P (j=1/2),454.1075679,660.1793919
181P (j=3/2),454.1075634,660.1793984
180D (j=5/2),454.1072034,660.1799217
180D (j=3/2),454.1071991,660.1799279
182S (j=1/2),454.1071547,660.1799925
182P (j=1/2),454.1067890,660.1805241
182P (j=3/2),454.1067846,660.1805306
181D (j=5/2),454.1064302,660.1810458
181D (j=3/2),454.1064260,660.1810520
183S (j=1/2),454.1063828,660.1811147
183P (j=1/2),454.1060231,660.1816377
183P (j=3/2),454.1060187,660.1816441
182D (j=5/2),454.1056698,660.1821513
182D (j=3/2),454.1056655,660.1821575
184S (j=1/2),454.1056236,660.1822185
184P (j=1/2),454.1052697,660.1827330
184P (j=3/2),454.1052653,660.1827393
183D (j=5/2),454.1049218,660.1832387
183D (j=3/2),454.1049176,660.1832449
185S (j=1/2),454.1048768,660.1833042
185P (j=1/2),454.1045286,660.1838104
185P (j=3/2),454.1045243,660.1838166
184D (j=5/2),454.1041860,660.1843084
184D (j=3/2),454.1041818,660.1843146
186S (j=1/2),454.1041421,660.1843722
186P (j=1/2),454.1037995,660.1848703
186P (j=3/2),454.1037953,660.1848765
185D (j=5/2),454.1034621,660.1853608
185D (j=3/2),454.1034579,660.1853670
187S (j=1/2),454.1034194,660.1854230
187P (j=1/2),454.1030823,660.1859131
187P (j=3/2),454.1030780,660.1859192
186D (j=5/2),454.1027499,660.1863963
186D (j=3/2),454.1027457,660.1864025
188S (j=1/2),454.1027083,660.1864568
188P (j=1/2),454.1023765,660.1869392
188P (j=3/2),454.1023723,660.1869452
187D (j=5/2),454.1020491,660.1874151
187D (j=3/2),454.1020449,660.1874213
189S (j=1/2),454.1020086,660.1874740
189P (j=1/2),454.1016820,660.1879488
189P (j=3/2),454.1016779,660.1879549
188D (j=5/2),454.1013595,660.1884177
188D (j=3/2),454.1013552,660.1884239
190S (j=1/2),454.1013200,660.1884751
190P (j=1/2),454.1009986,660.1889424
190P (j=3/2),454.1009944,660.1889484
189D (j=5/2),454.1006808,660.1894044
189D (j=3/2),454.1006765,660.1894106
191S (j=1/2),454.1006424,660.1894603
191P (j=1/2),454.1003259,660.1899203
191P (j=3/2),454.1003218,660.1899263
190D (j=5/2),454.1000128,660.1903756
190D (j=3/2),454.1000085,660.1903818
192S (j=1/2),454.0999754,660.1904299
192P (j=1/2),454.0996639,660.1908829
192P (j=3/2),454.0996598,660.1908888
191D (j=5/2),454.0993553,660.1913315
191D (j=3/2),454.0993510,660.1913377
193S (j=1/2),454.0993189,660.1913844
193P (j=1/2),454.0990122,660.1918303
193P (j=3/2),454.0990081,660.1918362
192D (j=5/2),454.0987080,660.1922725
192D (j=3/2),454.0987038,660.1922787
194S (j=1/2),454.0986726,660.1923240
194P (j=1/2),454.0983706,660.1927631
194P (j=3/2),454.0983666,660.1927689
193D (j=5/2),454.0980708,660.1931989
193D (j=3/2),454.0980666,660.1932051
195S (j=1/2),454.0980364,660.1932489
195P (j=1/2),454.0977390,660.1936814
195P (j=3/2),454.0977350,660.1936871
194D (j=5/2),454.0974435,660.1941110
194D (j=3/2),454.0974393,660.1941171
196S (j=1/2),454.0974100,660.1941597
196P (j=1/2),454.0971171,660.1945855
196P (j=3/2),454.0971131,660.1945912
195D (j=5/2),454.0968258,660.1950090
195D (j=3/2),454.0968215,660.1950152
197S (j=1/2),454.0967932,660.1950564
197P (j=1/2),454.0965047,660.1954758
197P (j=3/2),454.0965008,660.1954815
196D (j=5/2),454.0962175,660.1958934
196D (j=3/2),454.0962133,660.1958995
198S (j=1/2),454.0961859,660.1959394
198P (j=1/2),454.0959017,660.1963525
198P (j=3/2),454.0958978,660.1963582
197D (j=5/2),454.0956185,660.1967642
197D (j=3/2),454.0956143,660.1967704
199S (j=1/2),454.0955877,660.1968090
199P (j=1/2),454.0953078,660.1972160
199P (j=3/2),454.0953040,660.1972216
198D (j=5/2),454.0950286,660.1976219
198D (j=3/2),454.0950243,660.1976281
200S (j=1/2),454.0949987,660.1976654
200P (j=1/2),454.0947229,660.1980664
200P (j=3/2),454.0947191,660.1980719
199D (j=5/2),454.0944475,660.1984667
199D (j=3/2),454.0944433,660.1984729
200D (j=5/2),454.0938752,660.1992989
200D (j=3/2),454.0938709,660.1993050
